<?xml version="1.0" encoding="utf-8" ?><dwsync><file name="fork_and_knife_modified-01.svg" server="ameyagency.com" local="3520249702" remote="3520368540" Dst="-1" /><file name="fork_and_knife_modified-04.svg" server="ameyagency.com" local="3520249702" remote="3520368540" Dst="-1" /><file name="fork_and_knife_modified-02.svg" server="ameyagency.com" local="3520249702" remote="3520368540" Dst="-1" /><file name="fork_and_knife_modified-03.svg" server="ameyagency.com" local="3520249702" remote="3520368540" Dst="-1" /><file name="Lightbulb Bottom for Edge Animate.svg" server="ameyagency.com" local="3520249702" remote="3520368540" Dst="-1" /><file name="lightbulb BOTTOM ONLY.svg" server="ameyagency.com" local="3520249702" remote="3520368540" Dst="-1" /><file name="lightbulb BOTTOM ONLY2.svg" server="ameyagency.com" local="3520249702" remote="3520368540" Dst="-1" /><file name="test_gear.svg" server="ameyagency.com" local="3520249702" remote="3520368540" Dst="-1" /><file name="twoGears_gear_flower.svg" server="ameyagency.com" local="3520249702" remote="3520368540" Dst="-1" /><file name="lightbulbTraceBackground_lightBulb_TraceBackground.svg" server="ameyagency.com" local="3520249702" remote="3520368540" Dst="-1" /><file name="lightbulbGears.svg" server="ameyagency.com" local="3520249702" remote="3520368540" Dst="-1" /><file name="twoGears_gear_flower2.svg" server="ameyagency.com" local="3520249702" remote="3520368540" Dst="-1" /><file name="twoGears_gear_flower3.svg" server="ameyagency.com" local="3520249702" remote="3520368540" Dst="-1" /><file name="twoGears_gear_spike.svg" server="ameyagency.com" local="3520249702" remote="3520368540" Dst="-1" /></dwsync>