<?xml version="1.0" encoding="utf-8" ?><dwsync><file name="about-bg.jpg" server="ameyagency.com" local="3519211488" remote="3519777660" Dst="-1" /><file name="contact-bg.jpg" server="ameyagency.com" local="3519211488" remote="3519777660" Dst="-1" /><file name="forks.svg" server="ameyagency.com" local="3519395974" remote="3519777660" Dst="-1" /><file name="lamp.svg" server="ameyagency.com" local="3520533301" remote="3520547640" Dst="-1" /><file name="logoWhite.png" server="ameyagency.com" local="3514815734" remote="3519777660" Dst="-1" /><file name="macbook.png" server="ameyagency.com" local="3512455820" remote="3519777660" Dst="-1" /><file name="Paymasters-Logo-white.svg" server="ameyagency.com" local="3516984384" remote="3520556160" Dst="-1" /><file name="Thumbs.db" server="ameyagency.com" local="3519214720" remote="3519777660" Dst="-1" /><file name="paymasters-insight.png" server="ameyagency.com" local="3519918901" remote="3519937740" Dst="-1" /><file name="background.jpg" server="ameyagency.com" local="3519934354" remote="3519948720" Dst="-1" /><file name="expertise.svg" server="ameyagency.com" local="3520005105" remote="3520019520" Dst="-1" /><file name="insights.svg" server="ameyagency.com" local="3520005480" remote="3520019820" Dst="-1" /><file name="people.svg" server="ameyagency.com" local="3520005459" remote="3520019880" Dst="-1" /><file name="technology.svg" server="ameyagency.com" local="3520005470" remote="3520019880" Dst="-1" /><file name="paymasters-insight.svg" server="ameyagency.com" local="3520006235" remote="3520020600" Dst="-1" /><file name="lowerbulb.svg" server="ameyagency.com" local="3520010239" remote="3520024620" Dst="-1" /><file name="Eater_com_logo_MODIFIED_FINAL.png" server="ameyagency.com" local="3519042894" remote="3520031520" Dst="-1" /><file name="Fox_2_Detroit_Logo_gray.png" server="ameyagency.com" local="3519042896" remote="3520031520" Dst="-1" /><file name="Fox_2_Detroit_Logo_GREY.png" server="ameyagency.com" local="3519042896" remote="3520031520" Dst="-1" /><file name="Pizza_Today_Logo_MODIFIED_GREY.png" server="ameyagency.com" local="3519042900" remote="3520031580" Dst="-1" /><file name="qsr_gray_MODIFIED.png" server="ameyagency.com" local="3519042902" remote="3520031580" Dst="-1" /><file name="Pizza_Today_gray_MODIFIED.png" server="ameyagency.com" local="3519042900" remote="3520031580" Dst="-1" /><file name="usatoday_gray_MODIFIED.png" server="ameyagency.com" local="3519042904" remote="3520031580" Dst="-1" /><file name="usatoday_site-nav-logo_2x_MODIFIED_GREY.png" server="ameyagency.com" local="3519042906" remote="3520031580" Dst="-1" /><file name="qsr_logo_MODIFIED_GREY.png" server="ameyagency.com" local="3519042904" remote="3520031580" Dst="-1" /><file name=".DS_Store" server="ameyagency.com" local="3520535821" remote="3520550220" Dst="-1" /></dwsync>