<?xml version="1.0" encoding="utf-8" ?><dwsync><file name="fork_and_knife_modified-02.svg" server="ameyagency.com" local="3519229922" remote="3519777660" Dst="-1" /><file name="fork_and_knife_modified-01.svg" server="ameyagency.com" local="3519229924" remote="3519777660" Dst="-1" /><file name="fork_and_knife_modified-03.svg" server="ameyagency.com" local="3519229924" remote="3519777660" Dst="-1" /><file name="lightbulb BOTTOM ONLY.svg" server="ameyagency.com" local="3519229924" remote="3519777660" Dst="-1" /><file name="fork_and_knife_modified-04.svg" server="ameyagency.com" local="3519229922" remote="3519777660" Dst="-1" /><file name="test_gear.svg" server="ameyagency.com" local="3519229926" remote="3519777660" Dst="-1" /><file name="lightbulbGears.svg" server="ameyagency.com" local="3519229922" remote="3519777660" Dst="-1" /><file name="twoGears_gear_flower.svg" server="ameyagency.com" local="3519229926" remote="3519777660" Dst="-1" /><file name="lightbulbTraceBackground_lightBulb_TraceBackground.svg" server="ameyagency.com" local="3519229926" remote="3519777660" Dst="-1" /><file name="twoGears_gear_flower2.svg" server="ameyagency.com" local="3519229928" remote="3519777660" Dst="-1" /><file name="twoGears_gear_flower3.svg" server="ameyagency.com" local="3519229930" remote="3519777660" Dst="-1" /><file name="twoGears_gear_spike.svg" server="ameyagency.com" local="3519229930" remote="3519777660" Dst="-1" /></dwsync>