<?xml version="1.0" encoding="utf-8" ?><dwsync><file name="jbs2kbu.js" server="ameyagency.com" local="3516381206" remote="3519777660" Dst="-1" /><file name="edge.5.0.1.min.js" server="ameyagency.com" local="3519229920" remote="3519777660" Dst="-1" /><file name="jquery.min0235.js" server="ameyagency.com" local="3415889990" remote="3519777660" Dst="-1" /><file name="lightBulb_and_Gears_RESPONSIVE.an" server="ameyagency.com" local="3519229920" remote="3519777660" Dst="-1" /><file name="lightBulb_and_Gears_RESPONSIVE_edgeActions.js" server="ameyagency.com" local="3519229918" remote="3519777660" Dst="-1" /><file name="scripts.min0235.js" server="ameyagency.com" local="3512455820" remote="3519777660" Dst="-1" /><file name="mapbox.js" server="ameyagency.com" local="3449143984" remote="3519777660" Dst="-1" /><file name="lightBulb_and_Gears_RESPONSIVE_edge.js" server="ameyagency.com" local="3519231206" remote="3519777660" Dst="-1" /><file name="lightBulb_and_Gears_FINAL_Percent_edge.js" server="ameyagency.com" local="3520249702" remote="3520368540" Dst="-1" /></dwsync>