<?xml version="1.0" encoding="utf-8" ?><dwsync><file name="AGaramondPro-BoldItalic.otf" server="ameyagency.com" local="3519042906" remote="3519777660" Dst="-1" /><file name="Brandon_bld.otf" server="ameyagency.com" local="3519042908" remote="3519777660" Dst="-1" /><file name="AGaramondPro-Regular.otf" server="ameyagency.com" local="3519042908" remote="3519777660" Dst="-1" /><file name="ChaparralPro-Regular.otf" server="ameyagency.com" local="3519042910" remote="3519777660" Dst="-1" /><file name="HelveticaNeueLTStd-Bd.otf" server="ameyagency.com" local="3519212154" remote="3519777660" Dst="-1" /><file name="HelveticaNeueLTStd-Md.otf" server="ameyagency.com" local="3519212152" remote="3519777660" Dst="-1" /><file name="framdit.ttf" server="ameyagency.com" local="3519042910" remote="3519777660" Dst="-1" /><file name="Mixd.eot" server="ameyagency.com" local="3512455820" remote="3519777660" Dst="-1" /><file name="Mixd.ttf" server="ameyagency.com" local="3512455820" remote="3519777660" Dst="-1" /><file name="Mixd.svg" server="ameyagency.com" local="3512455820" remote="3519777660" Dst="-1" /><file name="Mixd.woff" server="ameyagency.com" local="3512455820" remote="3519777660" Dst="-1" /><file name="Mixdd41d.eot" server="ameyagency.com" local="3512455820" remote="3519777660" Dst="-1" /><file name="uvb____.PFB" server="ameyagency.com" local="3519042914" remote="3519777660" Dst="-1" /><file name="uvb____.pfm" server="ameyagency.com" local="3519042916" remote="3519777660" Dst="-1" /><file name="uvv____.pfm" server="ameyagency.com" local="3519042918" remote="3519777660" Dst="-1" /><file name="uvv____.PFB" server="ameyagency.com" local="3519042916" remote="3519777660" Dst="-1" /></dwsync>